unix_time,sample_id,pressure_pa,temperature_c,height_m,kf_pressure_pa,kf_height_m
1783573522,143,98611.81,25.28,158.85,98611.7,158.86
1783573522,144,98611.81,25.28,158.85,98611.77,158.85
1783573522,145,98611.71,25.28,158.86,98611.76,158.85
1783573522,146,98611.71,25.28,158.86,98611.75,158.85
1783573522,147,98611.71,25.28,158.86,98611.74,158.85
1783573522,148,98611.71,25.28,158.86,98611.73,158.86
1783573523,149,98612.03,25.28,158.83,98611.81,158.85
1783573523,150,98612.03,25.28,158.83,98611.87,158.84
1783573523,151,98612.03,25.28,158.83,98611.91,158.84
1783573523,152,98612.36,25.28,158.8,98612.07,158.83
1783573523,153,98612.69,25.28,158.77,98612.23,158.81
1783573523,154,98612.69,25.28,158.77,98612.34,158.8
1783573523,155,98612.69,25.28,158.77,98612.43,158.79
1783573523,156,98613.01,25.28,158.74,98612.57,158.78
1783573524,157,98613.01,25.28,158.74,98612.68,158.77
1783573524,158,98613.33,25.28,158.71,98612.84,158.76
1783573524,159,98613.33,25.28,158.71,98612.96,158.75
1783573524,160,98613.75,25.28,158.68,98613.32,158.72
1783573524,161,98613.75,25.28,158.68,98613.43,158.71
1783573524,162,98613.75,25.28,158.68,98613.51,158.7
1783573524,163,98613.75,25.28,158.68,98613.57,158.69
1783573525,164,98613.75,25.28,158.68,98613.62,158.69
1783573525,165,98613.44,25.28,158.7,98613.58,158.69
1783573525,166,98613.75,25.28,158.68,98613.63,158.69
1783573525,167,98613.75,25.28,158.68,98613.66,158.69
1783573525,168,98613.33,25.28,158.71,98613.7,158.68
1783573525,169,98613.33,25.28,158.71,98613.62,158.69
1783573525,170,98613.66,25.28,158.69,98613.63,158.69
1783573526,171,98613.33,25.28,158.71,98613.55,158.69
1783573526,172,98613.66,25.28,158.69,98613.58,158.69
1783573526,173,98613.66,25.28,158.69,98613.6,158.69
1783573526,174,98613.66,25.28,158.69,98613.62,158.69
1783573526,175,98613.66,25.28,158.69,98613.63,158.69
1783573526,176,98613.66,25.28,158.69,98613.65,158.69
1783573526,177,98613.98,25.28,158.66,98613.73,158.68
1783573526,178,98613.98,25.28,158.66,98613.8,158.67
1783573527,179,98614.31,25.28,158.63,98613.92,158.66
1783573527,180,98614.31,25.28,158.63,98614.02,158.65
1783573527,181,98614.63,25.28,158.6,98614.16,158.64
1783573527,182,98614.95,25.28,158.57,98614.36,158.62
1783573527,183,98614.95,25.28,158.57,98614.51,158.61
1783573527,184,98614.86,25.28,158.58,98614.79,158.59
1783573527,185,98615.19,25.28,158.55,98614.89,158.58
1783573528,186,98615.19,25.28,158.55,98614.97,158.57
1783573528,187,98615.19,25.28,158.55,98615.02,158.56
1783573528,188,98615.19,25.28,158.55,98615.06,158.56
1783573528,189,98615.19,25.28,158.55,98615.09,158.56
1783573528,190,98614.86,25.28,158.58,98615.04,158.56
1783573528,191,98614.47,25.27,158.61,98614.9,158.57
1783573528,192,98614.47,25.27,158.61,98614.61,158.6
1783573528,193,98614.47,25.27,158.61,98614.58,158.6
1783573529,194,98614.47,25.27,158.61,98614.55,158.6
1783573529,195,98614.47,25.27,158.61,98614.54,158.6
1783573529,196,98614.14,25.27,158.64,98614.45,158.61
1783573529,197,98614.14,25.27,158.64,98614.38,158.62
1783573529,198,98614.14,25.27,158.64,98614.32,158.62
1783573529,199,98614.14,25.27,158.64,98614.28,158.62
1783573529,200,98613.82,25.27,158.67,98614.12,158.64
1783573530,201,98613.82,25.27,158.67,98614.05,158.65
1783573530,202,98613.49,25.27,158.69,98613.91,158.66
1783573530,203,98613.49,25.27,158.69,98613.81,158.67
1783573530,204,98613.82,25.27,158.67,98613.81,158.67
1783573530,205,98613.82,25.27,158.67,98613.81,158.67
1783573530,206,98613.82,25.27,158.67,98613.81,158.67
1783573530,207,98613.82,25.27,158.67,98613.81,158.67
1783573531,208,98613.72,25.27,158.67,98613.83,158.67
1783573531,209,98614.05,25.27,158.65,98613.88,158.66
1783573531,210,98614.7,25.27,158.59,98614.09,158.64
1783573531,211,98615.34,25.27,158.53,98614.4,158.61
1783573531,212,98614.59,25.27,158.6,98614.45,158.61
1783573531,213,98614.59,25.27,158.6,98614.48,158.61
1783573531,214,98614.27,25.27,158.63,98614.43,158.61
1783573531,215,98613.84,25.27,158.66,98614.29,158.62
1783573532,216,98613.84,25.27,158.66,98614.08,158.64
1783573532,217,98613.84,25.27,158.66,98614.02,158.65
1783573532,218,98614.17,25.27,158.63,98614.06,158.64
1783573532,219,98614.17,25.27,158.63,98614.09,158.64
1783573532,220,98614.17,25.27,158.63,98614.12,158.64
1783573532,221,98614.17,25.27,158.63,98614.13,158.64
1783573532,222,98614.17,25.27,158.63,98614.14,158.64
1783573532,223,98614.5,25.27,158.61,98614.23,158.63
1783573533,224,98614.83,25.27,158.58,98614.61,158.6
1783573533,225,98614.83,25.27,158.58,98614.66,158.59
1783573533,226,98614.83,25.27,158.58,98614.7,158.59
1783573533,227,98615.14,25.27,158.55,98614.81,158.58
1783573533,228,98615.14,25.27,158.55,98614.9,158.57
1783573533,229,98615.14,25.27,158.55,98614.96,158.56
1783573533,230,98615.08,25.26,158.55,98615.0,158.56
1783573533,231,98615.08,25.26,158.55,98615.02,158.55
1783573534,232,98615.41,25.26,158.52,98615.2,158.54
1783573534,233,98615.41,25.26,158.52,98615.25,158.53
1783573534,234,98614.98,25.26,158.56,98615.19,158.54
1783573534,235,98614.98,25.26,158.56,98615.14,158.54
1783573534,236,98615.41,25.26,158.52,98615.21,158.54
1783573534,237,98615.31,25.26,158.53,98615.24,158.53
1783573534,238,98615.31,25.26,158.53,98615.27,158.53
1783573534,239,98614.98,25.26,158.56,98615.2,158.54
1783573535,240,98614.66,25.26,158.59,98614.88,158.57
1783573535,241,98614.75,25.26,158.58,98614.85,158.57
1783573535,242,98614.75,25.26,158.58,98614.83,158.57
1783573535,243,98614.75,25.26,158.58,98614.81,158.57
1783573535,244,98614.44,25.26,158.61,98614.73,158.58
1783573535,245,98614.44,25.26,158.61,98614.66,158.59
1783573535,246,98614.44,25.26,158.61,98614.61,158.59
1783573536,247,98614.11,25.26,158.63,98614.49,158.6
1783573536,248,98614.01,25.26,158.64,98614.28,158.62
1783573536,249,98613.69,25.26,158.67,98614.14,158.63
1783573536,250,98613.69,25.26,158.67,98614.03,158.64
1783573536,251,98613.69,25.26,158.67,98613.95,158.65
1783573536,252,98613.69,25.26,158.67,98613.89,158.65
1783573536,253,98613.36,25.26,158.7,98613.77,158.67
1783573537,254,98613.36,25.26,158.7,98613.67,158.67
1783573537,255,98613.69,25.26,158.67,98613.68,158.67
1783573537,256,98613.36,25.26,158.7,98613.48,158.69
1783573537,257,98613.03,25.26,158.73,98613.38,158.7
1783573537,258,98613.36,25.26,158.7,98613.38,158.7
1783573537,259,98613.36,25.26,158.7,98613.38,158.7
1783573537,260,98613.03,25.26,158.73,98613.3,158.71
1783573537,261,98613.03,25.26,158.73,98613.23,158.71
1783573538,262,98613.03,25.26,158.73,98613.19,158.72
1783573538,263,98613.03,25.26,158.73,98613.16,158.72
1783573538,264,98613.69,25.26,158.67,98613.45,158.69
1783573538,265,98614.11,25.26,158.63,98613.61,158.68
1783573538,266,98614.11,25.26,158.63,98613.73,158.67
1783573538,267,98614.11,25.26,158.63,98613.83,158.66
1783573538,268,98614.11,25.26,158.63,98613.9,158.65
1783573539,269,98614.11,25.26,158.63,98613.95,158.65
1783573539,270,98614.11,25.26,158.63,98613.99,158.64
1783573539,271,98614.11,25.26,158.63,98614.02,158.64
1783573539,272,98613.36,25.26,158.7,98613.71,158.67
1783573539,273,98613.36,25.26,158.7,98613.63,158.68
1783573539,274,98613.36,25.26,158.7,98613.56,158.68
1783573539,275,98613.03,25.26,158.73,98613.44,158.69
1783573540,276,98613.45,25.26,158.69,98613.45,158.69
1783573540,277,98613.13,25.26,158.72,98613.38,158.7
1783573540,278,98613.13,25.26,158.72,98613.32,158.7
1783573540,279,98613.13,25.26,158.72,98613.28,158.71
1783573540,280,98613.13,25.26,158.72,98613.28,158.71
1783573540,281,98613.45,25.26,158.69,98613.33,158.7
1783573540,282,98613.45,25.26,158.69,98613.36,158.7
1783573540,283,98613.78,25.26,158.66,98613.47,158.69
1783573541,284,98613.78,25.26,158.66,98613.55,158.68
1783573541,285,98613.78,25.26,158.66,98613.61,158.68
1783573541,286,98613.78,25.26,158.66,98613.66,158.68
1783573541,287,98613.78,25.26,158.66,98613.69,158.67
1783573541,288,98614.44,25.26,158.61,98614.13,158.63
1783573541,289,98614.44,25.26,158.61,98614.2,158.63
1783573541,290,98614.44,25.26,158.61,98614.27,158.62
1783573542,291,98614.11,25.26,158.63,98614.23,158.62
1783573542,292,98614.11,25.26,158.63,98614.21,158.63
1783573542,293,98614.11,25.26,158.63,98614.19,158.63
1783573542,294,98614.11,25.26,158.63,98614.17,158.63
1783573542,295,98614.11,25.26,158.63,98614.16,158.63
1783573542,296,98614.5,25.27,158.61,98614.36,158.62
1783573542,297,98614.5,25.27,158.61,98614.4,158.61
1783573542,298,98614.5,25.27,158.61,98614.42,158.61
1783573543,299,98614.83,25.27,158.58,98614.52,158.6
1783573543,300,98614.83,25.27,158.58,98614.6,158.6
1783573543,301,98614.83,25.27,158.58,98614.66,158.59
1783573543,302,98614.5,25.27,158.61,98614.62,158.6
1783573543,303,98614.5,25.27,158.61,98614.59,158.6
1783573543,304,98614.17,25.27,158.63,98614.31,158.62
1783573543,305,98614.5,25.27,158.61,98614.36,158.62
1783573544,306,98614.83,25.27,158.58,98614.48,158.61
1783573544,307,98614.83,25.27,158.58,98614.56,158.6
1783573544,308,98614.83,25.27,158.58,98614.63,158.59
1783573544,309,98614.83,25.27,158.58,98614.68,158.59
1783573544,310,98615.24,25.27,158.54,98614.82,158.58
1783573544,311,98615.24,25.27,158.54,98614.92,158.57
1783573544,312,98615.24,25.27,158.54,98615.19,158.54
1783573545,313,98615.24,25.27,158.54,98615.2,158.54
1783573545,314,98615.24,25.27,158.54,98615.21,158.54
1783573545,315,98614.59,25.27,158.6,98615.06,158.56
1783573545,316,98614.92,25.27,158.57,98615.03,158.56
1783573545,317,98615.24,25.27,158.54,98615.09,158.55
1783573545,318,98615.34,25.27,158.53,98615.15,158.55
1783573545,319,98615.34,25.27,158.53,98615.2,158.54
1783573545,320,98614.59,25.27,158.6,98614.94,158.57
1783573546,321,98614.92,25.27,158.57,98614.94,158.57
1783573546,322,98615.24,25.27,158.54,98615.02,158.56
1783573546,323,98614.92,25.27,158.57,98614.99,158.56
1783573546,324,98614.92,25.27,158.57,98614.98,158.56
1783573546,325,98614.92,25.27,158.57,98614.97,158.56
1783573546,326,98614.92,25.27,158.57,98614.96,158.56
1783573546,327,98614.92,25.27,158.57,98614.95,158.57
1783573547,328,98614.92,25.27,158.57,98614.95,158.57
1783573547,329,98614.92,25.27,158.57,98614.95,158.57
1783573547,330,98614.92,25.27,158.57,98614.95,158.57
1783573547,331,98614.59,25.27,158.6,98614.86,158.57
1783573547,332,98614.59,25.27,158.6,98614.8,158.58
1783573547,333,98614.92,25.27,158.57,98614.83,158.58
1783573547,334,98614.92,25.27,158.57,98614.85,158.57
1783573547,335,98614.92,25.27,158.57,98614.87,158.57
1783573548,336,98614.59,25.27,158.6,98614.66,158.59
1783573548,337,98614.59,25.27,158.6,98614.65,158.59
1783573548,338,98614.59,25.27,158.6,98614.64,158.59
1783573548,339,98614.59,25.27,158.6,98614.63,158.59
1783573548,340,98614.59,25.27,158.6,98614.63,158.59
1783573548,341,98614.17,25.27,158.63,98614.52,158.6
1783573548,342,98614.5,25.27,158.61,98614.52,158.6
1783573548,343,98614.17,25.27,158.63,98614.43,158.61
1783573549,344,98614.83,25.27,158.58,98614.73,158.59
1783573549,345,98614.83,25.27,158.58,98614.75,158.58
1783573549,346,98615.14,25.27,158.55,98614.84,158.58
1783573549,347,98614.83,25.27,158.58,98614.84,158.58
1783573549,348,98615.14,25.27,158.55,98614.92,158.57
1783573549,349,98615.08,25.26,158.55,98614.97,158.56
1783573549,350,98615.08,25.26,158.55,98615.0,158.56
1783573549,351,98615.41,25.26,158.52,98615.1,158.55
1783573550,352,98616.28,25.26,158.44,98615.8,158.49
1783573550,353,98616.61,25.26,158.41,98616.0,158.47
1783573550,354,98616.19,25.26,158.45,98616.05,158.46
1783573550,355,98616.19,25.26,158.45,98616.09,158.46
1783573550,356,98616.5,25.26,158.42,98616.19,158.45
1783573550,357,98616.83,25.26,158.39,98616.35,158.44
1783573550,358,98616.83,25.26,158.39,98616.47,158.43
1783573551,359,98616.83,25.26,158.39,98616.56,158.42
1783573551,360,98616.08,25.26,158.46,98616.35,158.44
1783573551,361,98616.08,25.26,158.46,98616.29,158.44
1783573551,362,98616.08,25.26,158.46,98616.24,158.45
1783573551,363,98616.41,25.26,158.43,98616.29,158.44
1783573551,364,98616.41,25.26,158.43,98616.32,158.44
1783573551,365,98616.41,25.26,158.43,98616.34,158.44
1783573551,366,98616.41,25.26,158.43,98616.36,158.44
1783573552,367,98616.73,25.26,158.4,98616.45,158.43
1783573552,368,98616.08,25.26,158.46,98616.39,158.43
1783573552,369,98616.08,25.26,158.46,98616.32,158.44
1783573552,370,98616.08,25.26,158.46,98616.27,158.44
1783573552,371,98616.08,25.26,158.46,98616.23,158.45
1783573552,372,98616.08,25.26,158.46,98616.2,158.45
1783573552,373,98616.41,25.26,158.43,98616.25,158.45
1783573553,374,98615.98,25.25,158.46,98616.2,158.44
1783573553,375,98616.31,25.25,158.43,98616.23,158.44
1783573553,376,98615.98,25.25,158.46,98616.22,158.44
1783573553,377,98615.98,25.25,158.46,98616.16,158.45
1783573553,378,98615.98,25.25,158.46,98616.13,158.45
1783573553,379,98615.98,25.25,158.46,98616.09,158.45
1783573553,380,98615.98,25.25,158.46,98616.07,158.46
1783573553,381,98615.92,25.25,158.47,98616.04,158.46
1783573554,382,98615.92,25.25,158.47,98616.02,158.46
1783573554,383,98616.24,25.25,158.44,98616.08,158.46
1783573554,384,98616.24,25.25,158.44,98616.2,158.44
1783573554,385,98615.92,25.25,158.47,98616.14,158.45
1783573554,386,98616.24,25.25,158.44,98616.17,158.45
1783573554,387,98615.92,25.25,158.47,98616.12,158.45
1783573554,388,98615.59,25.25,158.5,98615.99,158.46
1783573555,389,98615.59,25.25,158.5,98615.9,158.47
1783573555,390,98615.92,25.25,158.47,98615.91,158.47
1783573555,391,98615.59,25.25,158.5,98615.84,158.48
1783573555,392,98615.27,25.25,158.53,98615.55,158.5
1783573555,393,98615.27,25.25,158.53,98615.48,158.51
1783573555,394,98615.27,25.25,158.53,98615.44,158.51
1783573555,395,98615.27,25.25,158.53,98615.4,158.52
1783573556,396,98615.27,25.25,158.53,98615.38,158.52
1783573556,397,98615.27,25.25,158.53,98615.35,158.52
1783573556,398,98615.59,25.25,158.5,98615.41,158.51
1783573556,399,98615.59,25.25,158.5,98615.46,158.51
1783573556,400,98615.98,25.25,158.46,98615.66,158.49
1783573556,401,98616.31,25.25,158.43,98615.83,158.48
1783573556,402,98615.98,25.25,158.46,98615.88,158.47
1783573556,403,98615.66,25.25,158.49,98615.83,158.48
1783573557,404,98615.34,25.25,158.52,98615.71,158.49
1783573557,405,98615.34,25.25,158.52,98615.63,158.5
1783573557,406,98615.01,25.25,158.55,98615.48,158.51
1783573557,407,98614.69,25.25,158.58,98615.29,158.53
1783573557,408,98614.69,25.25,158.58,98614.9,158.56
1783573557,409,98614.36,25.25,158.61,98614.77,158.57
1783573557,410,98614.69,25.25,158.58,98614.76,158.57
1783573558,411,98614.36,25.25,158.61,98614.66,158.58
1783573558,412,98614.04,25.25,158.64,98614.52,158.59
1783573558,413,98614.04,25.25,158.64,98614.41,158.6
1783573558,414,98614.04,25.25,158.64,98614.32,158.61
1783573558,415,98614.46,25.26,158.6,98614.35,158.61
1783573558,416,98614.04,25.25,158.64,98614.08,158.63
1783573558,417,98614.04,25.25,158.64,98614.08,158.63
1783573559,418,98614.04,25.25,158.64,98614.08,158.63
1783573559,419,98613.65,25.25,158.67,98613.98,158.64
1783573559,420,98613.65,25.25,158.67,98613.9,158.65
1783573559,421,98613.97,25.25,158.64,98613.92,158.65
1783573559,422,98613.97,25.25,158.64,98613.94,158.64
1783573559,423,98614.3,25.25,158.61,98614.03,158.64
1783573559,424,98613.97,25.25,158.64,98614.15,158.63
1783573559,425,98613.65,25.25,158.67,98614.03,158.64
1783573560,426,98613.97,25.25,158.64,98614.02,158.64
1783573560,427,98613.97,25.25,158.64,98614.02,158.64
1783573560,428,98613.97,25.25,158.64,98614.01,158.64
1783573560,429,98613.65,25.25,158.67,98613.92,158.65
1783573560,430,98613.65,25.25,158.67,98613.86,158.65
1783573560,431,98613.65,25.25,158.67,98613.81,158.66
1783573560,432,98613.33,25.25,158.7,98613.64,158.67
1783573561,433,98613.33,25.25,158.7,98613.57,158.68
1783573561,434,98613.65,25.25,158.67,98613.59,158.68
1783573561,435,98613.65,25.25,158.67,98613.61,158.67
1783573561,436,98613.65,25.25,158.67,98613.63,158.67
1783573561,437,98613.65,25.25,158.67,98613.63,158.67
1783573561,438,98613.65,25.25,158.67,98613.64,158.67
1783573561,439,98613.65,25.25,158.67,98613.65,158.67
1783573562,440,98613.65,25.25,158.67,98613.66,158.67
1783573562,441,98613.33,25.25,158.7,98613.58,158.68
1783573562,442,98613.33,25.25,158.7,98613.52,158.68
1783573562,443,98613.33,25.25,158.7,98613.48,158.68
1783573562,444,98613.65,25.25,158.67,98613.53,158.68
1783573562,445,98613.97,25.25,158.64,98613.64,158.67
1783573562,446,98614.3,25.25,158.61,98613.8,158.66
1783573562,447,98614.3,25.25,158.61,98613.93,158.65
1783573563,448,98614.63,25.25,158.58,98614.3,158.61
1783573563,449,98614.3,25.25,158.61,98614.3,158.61
1783573563,450,98614.63,25.25,158.58,98614.39,158.6
1783573563,451,98614.3,25.25,158.61,98614.38,158.61
1783573563,452,98614.3,25.25,158.61,98614.36,158.61
1783573563,453,98614.63,25.25,158.58,98614.43,158.6
1783573563,454,98614.3,25.25,158.61,98614.41,158.6
1783573563,455,98614.3,25.25,158.61,98614.38,158.61
1783573564,456,98614.3,25.25,158.61,98614.41,158.6
1783573564,457,98614.3,25.25,158.61,98614.38,158.61
1783573564,458,98614.3,25.25,158.61,98614.37,158.61
1783573564,459,98613.97,25.25,158.64,98614.27,158.61
1783573564,460,98614.3,25.25,158.61,98614.28,158.61
1783573564,461,98613.97,25.25,158.64,98614.21,158.62
1783573564,462,98614.3,25.25,158.61,98614.23,158.62
1783573564,463,98613.97,25.25,158.64,98614.17,158.62
1783573565,464,98614.3,25.25,158.61,98614.23,158.62
1783573565,465,98613.97,25.25,158.64,98614.17,158.62
1783573565,466,98613.97,25.25,158.64,98614.13,158.63
1783573565,467,98613.97,25.25,158.64,98614.09,158.63
1783573565,468,98613.97,25.25,158.64,98614.07,158.63
1783573565,469,98613.97,25.25,158.64,98614.05,158.63
1783573565,470,98613.97,25.25,158.64,98614.04,158.64
1783573565,471,98613.97,25.25,158.64,98614.03,158.64
1783573566,472,98614.69,25.25,158.58,98614.32,158.61
1783573566,473,98614.69,25.25,158.58,98614.41,158.6
1783573566,474,98614.36,25.25,158.61,98614.41,158.6
1783573566,475,98614.04,25.25,158.64,98614.32,158.61
1783573566,476,98614.36,25.25,158.61,98614.34,158.61
1783573566,477,98614.36,25.25,158.61,98614.34,158.61
1783573566,478,98614.36,25.25,158.61,98614.35,158.61
1783573567,479,98614.36,25.25,158.61,98614.36,158.61
1783573567,480,98614.69,25.25,158.58,98614.45,158.6
1783573567,481,98615.01,25.25,158.55,98614.59,158.59
1783573567,482,98614.95,25.25,158.56,98614.69,158.58
1783573567,483,98614.95,25.25,158.56,98614.76,158.57
1783573567,484,98614.95,25.25,158.56,98614.81,158.57
1783573567,485,98614.95,25.25,158.56,98614.85,158.56
1783573567,486,98614.95,25.25,158.56,98614.88,158.56
1783573568,487,98614.95,25.25,158.56,98614.91,158.56
1783573568,488,98615.17,25.25,158.54,98615.02,158.55
1783573568,489,98615.17,25.25,158.54,98615.06,158.55
1783573568,490,98614.84,25.25,158.56,98615.02,158.55
1783573568,491,98615.17,25.25,158.54,98615.06,158.55
1783573568,492,98615.17,25.25,158.54,98615.09,158.54
1783573568,493,98615.17,25.25,158.54,98615.12,158.54
1783573569,494,98615.17,25.25,158.54,98615.13,158.54
1783573569,495,98615.5,25.25,158.51,98615.23,158.53
1783573569,496,98615.5,25.25,158.51,98615.34,158.52
1783573569,497,98615.5,25.25,158.51,98615.39,158.52
1783573569,498,98615.17,25.25,158.54,98615.34,158.52
1783573569,499,98615.17,25.25,158.54,98615.3,158.52
1783573569,500,98614.84,25.25,158.56,98615.2,158.53
1783573570,501,98614.84,25.25,158.56,98615.12,158.54
1783573570,502,98614.84,25.25,158.56,98615.05,158.55
1783573570,503,98614.52,25.25,158.59,98614.93,158.56
1783573570,504,98613.45,25.25,158.69,98614.19,158.62
1783573570,505,98613.45,25.25,158.69,98614.02,158.64
1783573570,506,98613.78,25.25,158.66,98613.96,158.64
1783573570,507,98613.88,25.25,158.65,98613.95,158.64
1783573570,508,98613.88,25.25,158.65,98613.94,158.64
1783573571,509,98613.55,25.25,158.68,98613.85,158.65
1783573571,510,98613.55,25.25,158.68,98613.78,158.66
1783573571,511,98613.55,25.25,158.68,98613.73,158.66
1783573571,512,98613.55,25.25,158.68,98613.76,158.66
1783573571,513,98613.55,25.25,158.68,98613.71,158.66
1783573571,514,98613.55,25.25,158.68,98613.68,158.67
1783573571,515,98613.88,25.25,158.65,98613.73,158.66
1783573572,516,98613.55,25.25,158.68,98613.7,158.67
1783573572,517,98613.55,25.25,158.68,98613.66,158.67
1783573572,518,98613.55,25.25,158.68,98613.64,158.67
1783573572,519,98613.55,25.25,158.68,98613.63,158.67
1783573572,520,98613.55,25.25,158.68,98613.51,158.68
1783573572,521,98613.22,25.25,158.71,98613.45,158.69
1783573572,522,98613.22,25.25,158.71,98613.4,158.69
1783573573,523,98613.22,25.25,158.71,98613.36,158.7
1783573573,524,98613.22,25.25,158.71,98613.33,158.7
1783573573,525,98613.22,25.25,158.71,98613.3,158.7
1783573573,526,98612.91,25.25,158.74,98613.21,158.71
1783573573,527,98613.22,25.25,158.71,98613.22,158.71
1783573573,528,98613.22,25.25,158.71,98613.23,158.71
1783573573,529,98613.22,25.25,158.71,98613.23,158.71
1783573573,530,98613.22,25.25,158.71,98613.23,158.71
1783573574,531,98613.22,25.25,158.71,98613.23,158.71
1783573574,532,98613.22,25.25,158.71,98613.23,158.71
1783573574,533,98613.65,25.25,158.67,98613.34,158.7
1783573574,534,98613.33,25.25,158.7,98613.34,158.7
1783573574,535,98613.33,25.25,158.7,98613.34,158.7
1783573574,536,98613.33,25.25,158.7,98613.34,158.7
1783573574,537,98613.65,25.25,158.67,98613.42,158.69
1783573575,538,98613.65,25.25,158.67,98613.48,158.68
1783573575,539,98613.65,25.25,158.67,98613.53,158.68
1783573575,540,98613.65,25.25,158.67,98613.56,158.68
1783573575,541,98613.33,25.25,158.7,98613.51,158.68
1783573575,542,98613.65,25.25,158.67,98613.55,158.68
1783573575,543,98614.04,25.25,158.64,98613.67,158.67
1783573575,544,98613.97,25.25,158.64,98613.84,158.65
1783573576,545,98614.36,25.25,158.61,98613.98,158.64
1783573576,546,98614.36,25.25,158.61,98614.08,158.63
1783573576,547,98614.36,25.25,158.61,98614.16,158.63
1783573576,548,98613.97,25.25,158.64,98614.12,158.63
1783573576,549,98613.97,25.25,158.64,98614.09,158.63
1783573576,550,98614.36,25.25,158.61,98614.16,158.63
1783573576,551,98614.36,25.25,158.61,98614.21,158.62
1783573576,552,98614.36,25.25,158.61,98614.2,158.62
1783573577,553,98614.36,25.25,158.61,98614.25,158.62
1783573577,554,98614.36,25.25,158.61,98614.28,158.61
1783573577,555,98614.04,25.25,158.64,98614.23,158.62
1783573577,556,98614.36,25.25,158.61,98614.27,158.62
1783573577,557,98614.69,25.25,158.58,98614.38,158.61
1783573577,558,98614.69,25.25,158.58,98614.46,158.6
1783573577,559,98615.01,25.25,158.55,98614.6,158.59
1783573578,560,98615.76,25.26,158.49,98615.06,158.55
1783573578,561,98615.76,25.26,158.49,98615.23,158.54
1783573578,562,98615.76,25.26,158.49,98615.37,158.52
1783573578,563,98615.44,25.26,158.52,98615.39,158.52
1783573578,564,98615.11,25.26,158.55,98615.33,158.53
1783573578,565,98614.36,25.25,158.61,98615.1,158.54
1783573578,566,98614.78,25.26,158.58,98615.02,158.55
1783573578,567,98614.78,25.26,158.58,98614.97,158.56
1783573579,568,98614.78,25.26,158.58,98614.73,158.58
1783573579,569,98614.78,25.26,158.58,98614.75,158.58
1783573579,570,98614.78,25.26,158.58,98614.76,158.58
1783573579,571,98614.46,25.26,158.6,98614.69,158.58
1783573579,572,98614.46,25.26,158.6,98614.63,158.59
1783573579,573,98614.46,25.26,158.6,98614.59,158.59
1783573579,574,98614.13,25.26,158.63,98614.48,158.6
1783573579,575,98614.13,25.26,158.63,98614.4,158.61
1783573580,576,98614.46,25.26,158.6,98614.31,158.62
1783573580,577,98614.78,25.26,158.58,98614.43,158.61
1783573580,578,98614.78,25.26,158.58,98614.52,158.6
1783573580,579,98615.11,25.26,158.55,98614.66,158.59
1783573580,580,98615.11,25.26,158.55,98614.77,158.58
1783573580,581,98615.44,25.26,158.52,98614.94,158.56
1783573580,582,98615.01,25.25,158.55,98614.97,158.55
1783573580,583,98615.44,25.26,158.52,98615.08,158.55
1783573581,584,98615.76,25.26,158.49,98615.47,158.51
1783573581,585,98615.44,25.26,158.52,98615.47,158.51
1783573581,586,98615.44,25.26,158.52,98615.47,158.51
1783573581,587,98615.44,25.26,158.52,98615.47,158.51
1783573581,588,98615.86,25.26,158.48,98615.57,158.51
1783573581,589,98615.86,25.26,158.48,98615.65,158.5
1783573581,590,98615.53,25.26,158.51,98615.63,158.5
1783573581,591,98615.86,25.26,158.48,98615.69,158.49
1783573582,592,98615.86,25.26,158.48,98615.81,158.48
1783573582,593,98615.53,25.26,158.51,98615.75,158.49
1783573582,594,98615.53,25.26,158.51,98615.7,158.49
1783573582,595,98615.2,25.26,158.54,98615.59,158.5
1783573582,596,98615.2,25.26,158.54,98615.5,158.51
1783573582,597,98614.88,25.26,158.57,98615.35,158.52
1783573582,598,98614.88,25.26,158.57,98615.24,158.53
1783573583,599,98615.2,25.26,158.54,98615.23,158.54
1783573583,600,98615.2,25.26,158.54,98615.23,158.54
1783573583,601,98615.2,25.26,158.54,98615.23,158.54
1783573583,602,98615.53,25.26,158.51,98615.31,158.53
1783573583,603,98615.53,25.26,158.51,98615.37,158.52
1783573583,604,98615.53,25.26,158.51,98615.41,158.52
1783573583,605,98615.2,25.26,158.54,98615.37,158.52
1783573584,606,98615.53,25.26,158.51,98615.41,158.52
1783573584,607,98615.86,25.26,158.48,98615.52,158.51
1783573584,608,98615.53,25.26,158.51,98615.65,158.5
1783573584,609,98615.86,25.26,158.48,98615.7,158.49
1783573584,610,98615.86,25.26,158.48,98615.74,158.49
1783573584,611,98615.53,25.26,158.51,98615.7,158.49
1783573584,612,98615.53,25.26,158.51,98615.66,158.5
1783573584,613,98615.53,25.26,158.51,98615.63,158.5
1783573585,614,98615.2,25.26,158.54,98615.53,158.51
1783573585,615,98615.2,25.26,158.54,98615.45,158.52
1783573585,616,98614.88,25.26,158.57,98615.16,158.54
1783573585,617,98614.56,25.26,158.59,98615.02,158.55
1783573585,618,98614.56,25.26,158.59,98614.91,158.56
1783573585,619,98614.56,25.26,158.59,98614.83,158.57
1783573585,620,98614.56,25.26,158.59,98614.77,158.58
1783573586,621,98614.56,25.26,158.59,98614.72,158.58
1783573586,622,98614.56,25.26,158.59,98614.69,158.58
1783573586,623,98614.56,25.26,158.59,98614.66,158.59
1783573586,624,98614.13,25.26,158.63,98614.38,158.61
1783573586,625,98614.13,25.26,158.63,98614.32,158.62
1783573586,626,98614.13,25.26,158.63,98614.28,158.62
1783573586,627,98614.46,25.26,158.6,98614.33,158.62
1783573587,628,98614.46,25.26,158.6,98614.37,158.61
1783573587,629,98614.78,25.26,158.58,98614.47,158.6
1783573587,630,98614.78,25.26,158.58,98614.55,158.6
1783573587,631,98615.11,25.26,158.55,98614.69,158.58
1783573587,632,98615.11,25.26,158.55,98614.98,158.56
1783573587,633,98614.78,25.26,158.58,98614.94,158.56
1783573587,634,98614.78,25.26,158.58,98614.91,158.56
1783573587,635,98614.78,25.26,158.58,98614.88,158.57
1783573588,636,98614.78,25.26,158.58,98614.86,158.57
1783573588,637,98614.78,25.26,158.58,98614.84,158.57
1783573588,638,98614.46,25.26,158.6,98614.76,158.58
1783573588,639,98614.46,25.26,158.6,98614.69,158.58
1783573588,640,98614.13,25.26,158.63,98614.32,158.62
1783573588,641,98614.13,25.26,158.63,98614.28,158.62
1783573588,642,98614.13,25.26,158.63,98614.25,158.62
1783573589,643,98614.13,25.26,158.63,98614.23,158.62
1783573589,644,98614.13,25.26,158.63,98614.21,158.63
1783573589,645,98613.81,25.26,158.66,98614.12,158.63
1783573589,646,98614.13,25.26,158.63,98614.13,158.63
1783573589,647,98613.81,25.26,158.66,98614.05,158.64
1783573589,648,98613.81,25.26,158.66,98613.94,158.65
1783573589,649,98614.13,25.26,158.63,98613.99,158.64
1783573589,650,98614.56,25.26,158.59,98614.13,158.63
1783573590,651,98614.56,25.26,158.59,98614.24,158.62
1783573590,652,98614.56,25.26,158.59,98614.33,158.62
1783573590,653,98614.56,25.26,158.59,98614.39,158.61
1783573590,654,98614.56,25.26,158.59,98614.44,158.61
1783573590,655,98614.56,25.26,158.59,98614.47,158.6
1783573590,656,98614.13,25.26,158.63,98614.44,158.61
1783573590,657,98614.13,25.26,158.63,98614.37,158.61
1783573591,658,98614.46,25.26,158.6,98614.39,158.61
1783573591,659,98614.78,25.26,158.58,98614.49,158.6
1783573591,660,98614.78,25.26,158.58,98614.57,158.59
1783573591,661,98614.78,25.26,158.58,98614.63,158.59
1783573591,662,98615.11,25.26,158.55,98614.75,158.58
1783573591,663,98615.11,25.26,158.55,98614.84,158.57
1783573591,664,98614.69,25.25,158.58,98614.76,158.57
1783573592,665,98615.01,25.25,158.55,98614.83,158.57
1783573592,666,98614.69,25.25,158.58,98614.8,158.57
1783573592,667,98614.36,25.25,158.61,98614.7,158.58
1783573592,668,98614.36,25.25,158.61,98614.62,158.58
1783573592,669,98614.04,25.25,158.64,98614.48,158.6
1783573592,670,98614.04,25.25,158.64,98614.38,158.61
1783573592,671,98613.71,25.25,158.66,98614.23,158.62
1783573592,672,98613.06,25.25,158.72,98613.49,158.68
1783573593,673,98613.06,25.25,158.72,98613.39,158.69
1783573593,674,98613.06,25.25,158.72,98613.31,158.7
1783573593,675,98613.06,25.25,158.72,98613.26,158.7
1783573593,676,98613.16,25.26,158.72,98613.23,158.71
1783573593,677,98612.73,25.25,158.75,98613.13,158.72
1783573593,678,98612.73,25.25,158.75,98613.04,158.72
1783573593,679,98612.73,25.25,158.75,98612.97,158.73
1783573594,680,98612.73,25.25,158.75,98612.82,158.74
1783573594,681,98612.41,25.25,158.78,98612.73,158.75
1783573594,682,98612.73,25.25,158.75,98612.73,158.75
1783573594,683,98612.73,25.25,158.75,98612.74,158.75
1783573594,684,98612.73,25.25,158.75,98612.74,158.75
1783573594,685,98613.06,25.25,158.72,98612.83,158.74
1783573594,686,98613.39,25.25,158.69,98612.97,158.73
1783573594,687,98613.71,25.25,158.66,98613.16,158.71
1783573595,688,98614.36,25.25,158.61,98613.95,158.64
1783573595,689,98614.36,25.25,158.61,98614.05,158.63
1783573595,690,98614.36,25.25,158.61,98614.13,158.63
1783573595,691,98614.69,25.25,158.58,98614.27,158.61
1783573595,692,98614.69,25.25,158.58,98614.38,158.61
1783573595,693,98614.69,25.25,158.58,98614.46,158.6
1783573595,694,98614.69,25.25,158.58,98614.52,158.59
1783573595,695,98615.01,25.25,158.55,98614.65,158.58
1783573596,696,98614.36,25.25,158.61,98614.55,158.59
1783573596,697,98614.36,25.25,158.61,98614.51,158.59
1783573596,698,98614.04,25.25,158.64,98614.4,158.6
1783573596,699,98614.04,25.25,158.64,98614.31,158.61
1783573596,700,98614.13,25.26,158.63,98614.27,158.62
1783573596,701,98614.13,25.26,158.63,98614.23,158.62
1783573596,702,98614.13,25.26,158.63,98614.21,158.63
1783573596,703,98614.13,25.26,158.63,98614.2,158.63
1783573597,704,98614.46,25.26,158.6,98614.25,158.62
1783573597,705,98614.46,25.26,158.6,98614.3,158.62
1783573597,706,98614.46,25.26,158.6,98614.34,158.61
1783573597,707,98614.46,25.26,158.6,98614.38,158.61
1783573597,708,98614.46,25.26,158.6,98614.4,158.61
1783573597,709,98614.13,25.26,158.63,98614.34,158.61
1783573597,710,98614.13,25.26,158.63,98614.29,158.62
1783573598,711,98613.81,25.26,158.66,98614.18,158.63
1783573598,712,98613.81,25.26,158.66,98613.89,158.65
1783573598,713,98614.13,25.26,158.63,98613.95,158.65
1783573598,714,98614.13,25.26,158.63,98614.0,158.64
1783573598,715,98614.46,25.26,158.6,98614.12,158.63
1783573598,716,98614.78,25.26,158.58,98614.28,158.62
1783573598,717,98615.11,25.26,158.55,98614.48,158.6
1783573598,718,98615.11,25.26,158.55,98614.64,158.59
1783573599,719,98614.69,25.25,158.58,98614.66,158.58
1783573599,720,98615.34,25.25,158.52,98615.05,158.55
1783573599,721,98615.34,25.25,158.52,98615.13,158.54
1783573599,722,98615.34,25.25,158.52,98615.19,158.53
1783573599,723,98615.66,25.25,158.49,98615.31,158.52
1783573599,724,98615.66,25.25,158.49,98615.41,158.51
1783573599,725,98615.98,25.25,158.46,98615.55,158.5
1783573600,726,98616.31,25.25,158.43,98615.74,158.48
1783573600,727,98616.63,25.25,158.41,98615.97,158.46
1783573600,728,98616.96,25.25,158.38,98616.66,158.4
1783573600,729,98616.96,25.25,158.38,98616.73,158.4
1783573600,730,98616.96,25.25,158.38,98616.8,158.39
1783573600,731,98616.96,25.25,158.38,98616.84,158.39
1783573600,732,98616.63,25.25,158.41,98616.8,158.39
1783573601,733,98616.31,25.25,158.43,98616.69,158.4
1783573601,734,98616.31,25.25,158.43,98616.6,158.41
1783573601,735,98616.63,25.25,158.41,98616.62,158.41
1783573601,736,98615.92,25.25,158.47,98616.28,158.44
1783573601,737,98615.92,25.25,158.47,98616.2,158.44
1783573601,738,98616.24,25.25,158.44,98616.21,158.44
1783573601,739,98615.92,25.25,158.47,98616.15,158.45
1783573601,740,98616.24,25.25,158.44,98616.18,158.45
1783573602,741,98616.24,25.25,158.44,98616.2,158.44
1783573602,742,98616.96,25.25,158.38,98616.39,158.43
1783573602,743,98616.96,25.25,158.38,98616.54,158.41
1783573602,744,98616.96,25.25,158.38,98616.84,158.39
1783573602,745,98616.96,25.25,158.38,98616.88,158.38
1783573602,746,98616.96,25.25,158.38,98616.9,158.38
1783573602,747,98616.96,25.25,158.38,98616.92,158.38
1783573603,748,98616.96,25.25,158.38,98616.94,158.38
1783573603,749,98616.96,25.25,158.38,98616.95,158.38
1783573603,750,98616.96,25.25,158.38,98616.95,158.38
1783573603,751,98616.96,25.25,158.38,98616.96,158.38
1783573603,752,98616.96,25.25,158.38,98616.9,158.38
1783573603,753,98617.28,25.25,158.35,98617.0,158.37
1783573603,754,98617.28,25.25,158.35,98617.08,158.37
1783573603,755,98617.28,25.25,158.35,98617.13,158.36
1783573604,756,98617.28,25.25,158.35,98617.17,158.36
1783573604,757,98617.28,25.25,158.35,98617.2,158.36
1783573604,758,98617.28,25.25,158.35,98617.23,158.35
1783573604,759,98618.03,25.26,158.29,98617.42,158.34
1783573604,760,98618.36,25.26,158.26,98618.03,158.29
1783573604,761,98618.03,25.26,158.29,98618.03,158.29
1783573604,762,98618.03,25.26,158.29,98618.03,158.29
1783573605,763,98618.03,25.26,158.29,98618.03,158.29
1783573605,764,98618.36,25.26,158.26,98618.12,158.28
1783573605,765,98618.36,25.26,158.26,98618.18,158.27
1783573605,766,98618.36,25.26,158.26,98618.23,158.27
1783573605,767,98618.03,25.26,158.29,98618.18,158.27
1783573605,768,98617.48,25.26,158.34,98617.8,158.31
1783573605,769,98617.16,25.26,158.37,98617.64,158.32
1783573606,770,98616.83,25.26,158.39,98617.45,158.34
1783573606,771,98616.5,25.26,158.42,98617.22,158.36
1783573606,772,98616.19,25.26,158.45,98616.97,158.38
1783573606,773,98616.19,25.26,158.45,98616.78,158.4
1783573606,774,98615.86,25.26,158.48,98616.56,158.42
1783573606,775,98615.53,25.26,158.51,98616.31,158.44
1783573606,776,98614.88,25.26,158.57,98615.44,158.52
1783573606,777,98614.98,25.26,158.56,98615.33,158.53
1783573607,778,98614.98,25.26,158.56,98615.25,158.53
1783573607,779,98614.98,25.26,158.56,98615.19,158.54
1783573607,780,98614.98,25.26,158.56,98615.14,158.54
1783573607,781,98614.98,25.26,158.56,98615.11,158.55
1783573607,782,98614.33,25.26,158.62,98614.92,158.56
1783573607,783,98614.75,25.26,158.58,98614.88,158.57
1783573607,784,98614.11,25.26,158.63,98614.52,158.6
1783573608,785,98614.11,25.26,158.63,98614.42,158.61
1783573608,786,98613.78,25.26,158.66,98614.27,158.62
1783573608,787,98614.17,25.27,158.63,98614.24,158.63
1783573608,788,98614.17,25.27,158.63,98614.23,158.63
1783573608,789,98614.17,25.27,158.63,98614.22,158.63
1783573608,790,98614.5,25.27,158.61,98614.29,158.62
1783573608,791,98614.5,25.27,158.61,98614.34,158.62
1783573609,792,98614.83,25.27,158.58,98614.68,158.59
1783573609,793,98615.24,25.27,158.54,98614.82,158.58
1783573609,794,98615.24,25.27,158.54,98614.92,158.57
1783573609,795,98614.92,25.27,158.57,98614.92,158.57
1783573609,796,98614.92,25.27,158.57,98614.92,158.57
1783573609,797,98614.59,25.27,158.6,98614.84,158.58
1783573609,798,98615.02,25.27,158.56,98614.89,158.57
1783573609,799,98615.02,25.27,158.56,98614.92,158.57
1783573610,800,98614.37,25.27,158.62,98614.7,158.59
1783573610,801,98615.12,25.27,158.55,98614.8,158.58
1783573610,802,98614.8,25.27,158.58,98614.8,158.58
1783573610,803,98614.47,25.27,158.61,98614.72,158.59
1783573610,804,98614.47,25.27,158.61,98614.66,158.59
1783573610,805,98614.53,25.28,158.61,98614.63,158.6
1783573610,806,98614.21,25.28,158.64,98614.52,158.61
1783573610,807,98613.88,25.28,158.67,98614.37,158.62
1783573611,808,98613.98,25.28,158.66,98613.95,158.66
1783573611,809,98613.98,25.28,158.66,98613.96,158.66
1783573611,810,98613.66,25.28,158.69,98613.89,158.66
1783573611,811,98613.66,25.28,158.69,98613.84,158.67
1783573611,812,98613.33,25.28,158.71,98613.71,158.68
1783573611,813,98613.66,25.28,158.69,98613.7,158.68
1783573611,814,98613.66,25.28,158.69,98613.7,158.68
1783573611,815,98613.98,25.28,158.66,98613.77,158.68
1783573612,816,98613.98,25.28,158.66,98614.03,158.65
1783573612,817,98614.31,25.28,158.63,98614.1,158.65
1783573612,818,98614.31,25.28,158.63,98614.16,158.64
1783573612,819,98614.73,25.28,158.59,98614.3,158.63
1783573612,820,98614.73,25.28,158.59,98614.41,158.62
1783573612,821,98615.05,25.28,158.56,98614.57,158.6
1783573612,822,98615.05,25.28,158.56,98614.69,158.59
1783573612,823,98614.73,25.28,158.59,98614.7,158.59
1783573613,824,98615.05,25.28,158.56,98614.81,158.58
1783573613,825,98615.05,25.28,158.56,98614.88,158.58
1783573613,826,98615.05,25.28,158.56,98614.92,158.57
1783573613,827,98614.73,25.28,158.59,98614.88,158.58
1783573613,828,98614.73,25.28,158.59,98614.84,158.58
1783573613,829,98614.73,25.28,158.59,98614.82,158.58
1783573613,830,98614.73,25.28,158.59,98614.8,158.58
1783573614,831,98615.16,25.28,158.55,98614.89,158.58
1783573614,832,98615.48,25.28,158.52,98615.35,158.54
1783573614,833,98615.8,25.28,158.5,98615.46,158.53
1783573614,834,98615.48,25.28,158.52,98615.47,158.53
1783573614,835,98615.48,25.28,158.52,98615.47,158.53
1783573614,836,98615.48,25.28,158.52,98615.47,158.53
1783573614,837,98615.48,25.28,158.52,98615.47,158.53
1783573614,838,98615.25,25.29,158.55,98615.41,158.54
1783573615,839,98615.25,25.29,158.55,98615.37,158.54
1783573615,840,98614.6,25.29,158.61,98614.93,158.58
1783573615,841,98614.6,25.29,158.61,98614.85,158.59
1783573615,842,98614.6,25.29,158.61,98614.79,158.59
1783573615,843,98614.28,25.29,158.64,98614.66,158.6
1783573615,844,98614.28,25.29,158.64,98614.57,158.61
1783573615,845,98614.28,25.29,158.64,98614.5,158.62
1783573616,846,98614.28,25.29,158.64,98614.45,158.62
1783573616,847,98614.28,25.29,158.64,98614.41,158.62
1783573616,848,98613.95,25.29,158.66,98614.13,158.65
1783573616,849,98613.95,25.29,158.66,98614.09,158.65
1783573616,850,98613.95,25.29,158.66,98614.05,158.66
1783573616,851,98613.95,25.29,158.66,98614.03,158.66
1783573616,852,98613.95,25.29,158.66,98614.02,158.66
1783573617,853,98613.63,25.29,158.69,98613.92,158.67
1783573617,854,98613.63,25.29,158.69,98613.85,158.67
1783573617,855,98613.3,25.29,158.72,98613.72,158.69
1783573617,856,98612.66,25.29,158.78,98613.23,158.73
1783573617,857,98612.66,25.29,158.78,98613.09,158.74
1783573617,858,98612.66,25.29,158.78,98612.98,158.75
1783573617,859,98612.33,25.29,158.81,98612.82,158.76
1783573617,860,98612.72,25.29,158.77,98612.8,158.77
1783573618,861,98612.72,25.29,158.77,98612.78,158.77
1783573618,862,98612.72,25.29,158.77,98612.77,158.77
1783573618,863,98612.4,25.29,158.8,98612.68,158.78
1783573618,864,98611.75,25.29,158.86,98612.33,158.81
1783573618,865,98611.75,25.29,158.86,98612.19,158.82
1783573618,866,98611.75,25.29,158.86,98612.08,158.83
1783573618,867,98611.42,25.29,158.89,98611.91,158.85
1783573619,868,98611.42,25.29,158.89,98611.8,158.86
1783573619,869,98611.42,25.29,158.89,98611.7,158.86
1783573619,870,98611.42,25.29,158.89,98611.63,158.87
1783573619,871,98610.7,25.29,158.95,98611.41,158.89
1783573619,872,98611.03,25.29,158.92,98611.02,158.92
1783573619,873,98610.7,25.29,158.95,98610.94,158.93
1783573619,874,98611.03,25.29,158.92,98610.96,158.93
1783573620,875,98611.03,25.29,158.92,98610.98,158.93
1783573620,876,98611.03,25.29,158.92,98610.99,158.93
1783573620,877,98611.36,25.29,158.89,98611.08,158.92
1783573620,878,98611.36,25.29,158.89,98611.15,158.91
1783573620,879,98610.94,25.28,158.93,98611.1,158.91
1783573620,880,98611.27,25.28,158.9,98611.21,158.9
1783573620,881,98611.27,25.28,158.9,98611.23,158.9
1783573620,882,98611.27,25.28,158.9,98611.23,158.9
1783573621,883,98611.27,25.28,158.9,98611.24,158.9
1783573621,884,98611.58,25.28,158.87,98611.33,158.89
1783573621,885,98611.58,25.28,158.87,98611.39,158.89
1783573621,886,98611.91,25.28,158.84,98611.52,158.88
1783573621,887,98611.91,25.28,158.84,98611.61,158.87
1783573621,888,98612.23,25.28,158.81,98612.0,158.83
1783573621,889,98612.23,25.28,158.81,98612.06,158.83
1783573622,890,98612.56,25.28,158.78,98612.19,158.82
1783573622,891,98612.56,25.28,158.78,98612.28,158.81
1783573622,892,98612.56,25.28,158.78,98612.35,158.8
1783573622,893,98612.56,25.28,158.78,98612.41,158.8
1783573622,894,98612.56,25.28,158.78,98612.45,158.79
1783573622,895,98612.88,25.28,158.75,98612.55,158.78
1783573622,896,98613.2,25.28,158.73,98612.91,158.75
1783573623,897,98612.88,25.28,158.75,98612.91,158.75
1783573623,898,98612.88,25.28,158.75,98612.9,158.75
1783573623,899,98612.56,25.28,158.78,98612.82,158.76
1783573623,900,98612.56,25.28,158.78,98612.76,158.77
1783573623,901,98612.56,25.28,158.78,98612.71,158.77
1783573623,902,98612.56,25.28,158.78,98612.68,158.77
1783573623,903,98612.56,25.28,158.78,98612.66,158.77
1783573623,904,98612.56,25.28,158.78,98612.6,158.78
1783573624,905,98612.56,25.28,158.78,98612.59,158.78
1783573624,906,98612.23,25.28,158.81,98612.51,158.79
1783573624,907,98612.66,25.29,158.78,98612.54,158.79
1783573624,908,98612.66,25.29,158.78,98612.57,158.79
1783573624,909,98612.33,25.29,158.81,98612.51,158.79
1783573624,910,98612.33,25.29,158.81,98612.46,158.8
1783573624,911,98612.33,25.29,158.81,98612.43,158.8
1783573625,912,98611.69,25.29,158.87,98611.97,158.84
1783573625,913,98611.69,25.29,158.87,98611.9,158.85
1783573625,914,98611.69,25.29,158.87,98611.84,158.85
1783573625,915,98611.69,25.29,158.87,98611.8,158.85
1783573625,916,98612.0,25.29,158.84,98611.85,158.85
1783573625,917,98612.0,25.29,158.84,98611.89,158.85
1783573625,918,98612.0,25.29,158.84,98611.91,158.85
1783573625,919,98612.0,25.29,158.84,98611.94,158.84
1783573626,920,98612.33,25.29,158.81,98612.05,158.83
1783573626,921,98612.0,25.29,158.84,98612.04,158.83
1783573626,922,98612.0,25.29,158.84,98612.03,158.83
1783573626,923,98612.0,25.29,158.84,98612.02,158.84
1783573626,924,98612.0,25.29,158.84,98612.02,158.84
1783573626,925,98612.0,25.29,158.84,98612.02,158.84
1783573626,926,98612.0,25.29,158.84,98612.02,158.84
1783573626,927,98612.0,25.29,158.84,98612.02,158.84
1783573627,928,98611.69,25.29,158.87,98611.8,158.86
1783573627,929,98611.69,25.29,158.87,98611.77,158.86
1783573627,930,98611.36,25.29,158.89,98611.67,158.87
1783573627,931,98611.36,25.29,158.89,98611.59,158.87
1783573627,932,98611.69,25.29,158.87,98611.62,158.87
1783573627,933,98611.69,25.29,158.87,98611.63,158.87
1783573627,934,98611.36,25.29,158.89,98611.56,158.88
1783573627,935,98611.36,25.29,158.89,98611.52,158.88
1783573628,936,98611.42,25.29,158.89,98611.42,158.89
1783573628,937,98611.09,25.29,158.92,98611.34,158.9
1783573628,938,98611.09,25.29,158.92,98611.28,158.9
1783573628,939,98611.09,25.29,158.92,98611.23,158.91
1783573628,940,98611.09,25.29,158.92,98611.2,158.91
1783573628,941,98611.09,25.29,158.92,98611.18,158.91
1783573628,942,98611.09,25.29,158.92,98611.16,158.91
1783573628,943,98611.09,25.29,158.92,98611.14,158.91
1783573629,944,98611.42,25.29,158.89,98611.34,158.9
1783573629,945,98611.42,25.29,158.89,98611.36,158.89
1783573629,946,98611.42,25.29,158.89,98611.38,158.89
1783573629,947,98611.09,25.29,158.92,98611.3,158.9
1783573629,948,98611.42,25.29,158.89,98611.34,158.9
1783573629,949,98611.42,25.29,158.89,98611.36,158.89
1783573629,950,98611.42,25.29,158.89,98611.38,158.89
1783573630,951,98611.09,25.29,158.92,98611.3,158.9
1783573630,952,98610.7,25.29,158.95,98610.84,158.94
1783573630,953,98610.7,25.29,158.95,98610.8,158.94
1783573630,954,98610.7,25.29,158.95,98610.78,158.95
1783573630,955,98610.7,25.29,158.95,98610.77,158.95
1783573630,956,98611.03,25.29,158.92,98610.83,158.94
1783573630,957,98611.03,25.29,158.92,98610.88,158.94
1783573631,958,98610.7,25.29,158.95,98610.84,158.94
1783573631,959,98611.09,25.29,158.92,98610.9,158.94
1783573631,960,98610.39,25.29,158.98,98610.63,158.96
1783573631,961,98610.77,25.29,158.95,98610.66,158.96
1783573631,962,98610.77,25.29,158.95,98610.69,158.95
1783573631,963,98611.09,25.29,158.92,98610.79,158.95
1783573631,964,98611.09,25.29,158.92,98610.87,158.94
1783573631,965,98611.09,25.29,158.92,98610.92,158.93
1783573632,966,98611.42,25.29,158.89,98611.05,158.92
1783573632,967,98611.09,25.29,158.92,98611.05,158.92
1783573632,968,98611.09,25.29,158.92,98611.08,158.92
1783573632,969,98611.09,25.29,158.92,98611.08,158.92
1783573632,970,98611.42,25.29,158.89,98611.16,158.91
1783573632,971,98611.09,25.29,158.92,98611.15,158.91
1783573632,972,98611.09,25.29,158.92,98611.13,158.91
1783573633,973,98611.42,25.29,158.89,98611.2,158.91
1783573633,974,98611.42,25.29,158.89,98611.26,158.9
1783573633,975,98611.42,25.29,158.89,98611.3,158.9
1783573633,976,98611.42,25.29,158.89,98611.38,158.89
1783573633,977,98611.42,25.29,158.89,98611.39,158.89
1783573633,978,98611.09,25.29,158.92,98611.32,158.9
1783573633,979,98611.09,25.29,158.92,98611.27,158.9
1783573634,980,98611.09,25.29,158.92,98611.23,158.91
1783573634,981,98611.52,25.29,158.88,98611.3,158.9
1783573634,982,98611.52,25.29,158.88,98611.35,158.9
1783573634,983,98611.52,25.29,158.88,98611.39,158.89
1783573634,984,98611.09,25.29,158.92,98611.23,158.91
1783573634,985,98611.42,25.29,158.89,98611.28,158.9
1783573634,986,98611.75,25.29,158.86,98611.4,158.89
1783573634,987,98611.75,25.29,158.86,98611.48,158.88
1783573635,988,98611.75,25.29,158.86,98611.55,158.88
1783573635,989,98611.36,25.29,158.89,98611.5,158.88
1783573635,990,98611.03,25.29,158.92,98611.38,158.89
1783573635,991,98611.36,25.29,158.89,98611.38,158.89
1783573635,992,98611.69,25.29,158.87,98611.45,158.89
1783573635,993,98611.69,25.29,158.87,98611.51,158.88
1783573635,994,98611.36,25.29,158.89,98611.47,158.88
1783573636,995,98611.27,25.28,158.9,98611.43,158.88
1783573636,996,98611.27,25.28,158.9,98611.39,158.89
1783573636,997,98611.27,25.28,158.9,98611.36,158.89
1783573636,998,98611.58,25.28,158.87,98611.41,158.88
1783573636,999,98611.58,25.28,158.87,98611.45,158.88
1783573636,1000,98611.58,25.28,158.87,98611.54,158.87
1783573636,1001,98611.58,25.28,158.87,98611.55,158.87
1783573637,1002,98611.58,25.28,158.87,98611.55,158.87
1783573637,1003,98611.58,25.28,158.87,98611.56,158.87
1783573637,1004,98611.91,25.28,158.84,98611.65,158.86
1783573637,1005,98611.48,25.28,158.88,98611.61,158.87
1783573637,1006,98611.48,25.28,158.88,98611.58,158.87
1783573637,1007,98611.48,25.28,158.88,98611.55,158.87
1783573637,1008,98611.48,25.28,158.88,98611.52,158.88
1783573637,1009,98611.48,25.28,158.88,98611.51,158.88
1783573638,1010,98611.48,25.28,158.88,98611.51,158.88
1783573638,1011,98611.48,25.28,158.88,98611.51,158.88
1783573638,1012,98611.48,25.28,158.88,98611.51,158.88
1783573638,1013,98611.48,25.28,158.88,98611.51,158.88
1783573638,1014,98611.81,25.28,158.85,98611.59,158.87
1783573638,1015,98611.81,25.28,158.85,98611.64,158.86
1783573638,1016,98612.45,25.28,158.79,98612.02,158.83
1783573639,1017,98612.45,25.28,158.79,98612.13,158.82
1783573639,1018,98612.78,25.28,158.76,98612.3,158.81
1783573639,1019,98612.45,25.28,158.79,98612.34,158.8
1783573639,1020,98612.78,25.28,158.76,98612.45,158.79
1783573639,1021,98612.36,25.28,158.8,98612.43,158.79
1783573639,1022,98612.69,25.28,158.77,98612.49,158.79
1783573639,1023,98612.69,25.28,158.77,98612.54,158.78
1783573639,1024,98612.91,25.28,158.75,98612.84,158.76
1783573640,1025,98612.91,25.28,158.75,98612.86,158.76
1783573640,1026,98613.23,25.28,158.72,98612.95,158.75
1783573640,1027,98613.56,25.28,158.69,98613.1,158.73
1783573640,1028,98613.17,25.27,158.72,98613.12,158.73
1783573640,1029,98613.49,25.27,158.69,98613.21,158.72
1783573640,1030,98613.82,25.27,158.67,98613.36,158.71
1783573640,1031,98613.82,25.27,158.67,98613.48,158.7
1783573641,1032,98614.14,25.27,158.64,98613.79,158.67
1783573641,1033,98613.82,25.27,158.67,98613.8,158.67
1783573641,1034,98613.82,25.27,158.67,98613.8,158.67
1783573641,1035,98614.14,25.27,158.64,98613.89,158.66
1783573641,1036,98614.14,25.27,158.64,98613.95,158.65
1783573641,1037,98614.47,25.27,158.61,98614.08,158.64
1783573641,1038,98614.05,25.27,158.65,98614.07,158.64
1783573641,1039,98614.37,25.27,158.62,98614.15,158.64
1783573642,1040,98614.37,25.27,158.62,98614.22,158.63
1783573642,1041,98614.37,25.27,158.62,98614.26,158.63
1783573642,1042,98614.37,25.27,158.62,98614.29,158.62
1783573642,1043,98614.37,25.27,158.62,98614.31,158.62
1783573642,1044,98614.37,25.27,158.62,98614.33,158.62
1783573642,1045,98614.7,25.27,158.59,98614.42,158.61
1783573642,1046,98614.27,25.27,158.63,98614.38,158.62
1783573642,1047,98614.59,25.27,158.6,98614.44,158.61
1783573643,1048,98615.24,25.27,158.54,98614.7,158.59
1783573643,1049,98614.92,25.27,158.57,98614.76,158.58
1783573643,1050,98615.24,25.27,158.54,98614.88,158.57
1783573643,1051,98614.5,25.27,158.61,98614.79,158.58
1783573643,1052,98614.17,25.27,158.63,98614.64,158.59
1783573643,1053,98614.5,25.27,158.61,98614.61,158.6
1783573643,1054,98614.5,25.27,158.61,98614.59,158.6
1783573643,1055,98614.5,25.27,158.61,98614.57,158.6
1783573644,1056,98613.84,25.27,158.66,98614.2,158.63
1783573644,1057,98613.84,25.27,158.66,98614.12,158.64
1783573644,1058,98613.84,25.27,158.66,98614.05,158.64
1783573644,1059,98613.45,25.26,158.69,98613.91,158.65
1783573644,1060,98613.45,25.26,158.69,98613.8,158.66
1783573644,1061,98613.45,25.26,158.69,98613.72,158.67
1783573644,1062,98613.45,25.26,158.69,98613.66,158.68
1783573645,1063,98613.45,25.26,158.69,98613.61,158.68
1783573645,1064,98614.44,25.26,158.61,98614.06,158.64
1783573645,1065,98614.11,25.26,158.63,98614.08,158.64
1783573645,1066,98614.11,25.26,158.63,98614.09,158.64
1783573645,1067,98613.69,25.26,158.67,98613.99,158.64
1783573645,1068,98614.11,25.26,158.63,98614.02,158.64
1783573645,1069,98613.36,25.26,158.7,98613.87,158.66
1783573645,1070,98613.36,25.26,158.7,98613.75,158.67
1783573646,1071,98613.03,25.26,158.73,98613.58,158.68
1783573646,1072,98611.73,25.26,158.85,98612.6,158.77
1783573646,1073,98611.41,25.26,158.87,98612.31,158.79
1783573646,1074,98611.41,25.26,158.87,98612.09,158.81
1783573646,1075,98611.41,25.26,158.87,98611.93,158.83
1783573646,1076,98611.41,25.26,158.87,98611.8,158.84
1783573646,1077,98611.09,25.26,158.9,98611.63,158.85
1783573647,1078,98611.09,25.26,158.9,98611.5,158.87
1783573647,1079,98611.09,25.26,158.9,98611.41,158.87
1783573647,1080,98611.09,25.26,158.9,98611.2,158.89
1783573647,1081,98611.09,25.26,158.9,98611.18,158.89
1783573647,1082,98611.09,25.26,158.9,98611.16,158.9
1783573647,1083,98611.09,25.26,158.9,98611.15,158.9
1783573647,1084,98611.09,25.26,158.9,98611.14,158.9
1783573648,1085,98611.09,25.26,158.9,98611.13,158.9
1783573648,1086,98611.09,25.26,158.9,98611.13,158.9
1783573648,1087,98611.41,25.26,158.87,98611.2,158.89
1783573648,1088,98611.31,25.26,158.88,98611.41,158.87
1783573648,1089,98610.98,25.26,158.91,98611.31,158.88
1783573648,1090,98610.98,25.26,158.91,98611.23,158.89
1783573648,1091,98610.66,25.26,158.94,98611.1,158.9
1783573648,1092,98610.66,25.26,158.94,98611.0,158.91
1783573649,1093,98610.66,25.26,158.94,98610.92,158.92
1783573649,1094,98610.66,25.26,158.94,98610.86,158.92
1783573649,1095,98610.98,25.26,158.91,98610.89,158.92
1783573649,1096,98610.98,25.26,158.91,98611.07,158.9
1783573649,1097,98610.98,25.26,158.91,98611.05,158.91
1783573649,1098,98610.66,25.26,158.94,98610.96,158.91
1783573649,1099,98610.23,25.26,158.98,98610.79,158.93
1783573650,1100,98610.23,25.26,158.98,98610.66,158.94
1783573650,1101,98610.23,25.26,158.98,98610.55,158.95
1783573650,1102,98610.56,25.26,158.95,98610.56,158.95
1783573650,1103,98610.56,25.26,158.95,98610.56,158.95
1783573650,1104,98611.11,25.25,158.9,98610.73,158.93
1783573650,1105,98610.41,25.25,158.96,98610.66,158.94
1783573650,1106,98610.41,25.25,158.96,98610.6,158.94
1783573651,1107,98610.41,25.25,158.96,98610.56,158.94
1783573651,1108,98610.41,25.25,158.96,98610.53,158.95
1783573651,1109,98610.08,25.25,158.99,98610.43,158.96
1783573651,1110,98610.08,25.25,158.99,98610.35,158.96
1783573651,1111,98610.08,25.25,158.99,98610.29,158.97
1783573651,1112,98610.41,25.25,158.96,98610.25,158.97
1783573651,1113,98610.41,25.25,158.96,98610.3,158.97
1783573651,1114,98610.41,25.25,158.96,98610.33,158.96
1783573652,1115,98610.41,25.25,158.96,98610.35,158.96
1783573652,1116,98610.41,25.25,158.96,98610.37,158.96
1783573652,1117,98610.41,25.25,158.96,98610.38,158.96
1783573652,1118,98610.41,25.25,158.96,98610.39,158.96
1783573652,1119,98610.41,25.25,158.96,98610.4,158.96
1783573652,1120,98610.08,25.25,158.99,98610.34,158.96
1783573652,1121,98610.08,25.25,158.99,98610.28,158.97
1783573653,1122,98609.75,25.25,159.02,98610.16,158.98
1783573653,1123,98609.75,25.25,159.02,98610.06,158.99
1783573653,1124,98609.75,25.25,159.02,98609.99,158.99
1783573653,1125,98609.42,25.25,159.04,98609.86,159.01
1783573653,1126,98609.42,25.25,159.04,98609.76,159.02
1783573653,1127,98609.42,25.25,159.04,98609.68,159.02
1783573653,1128,98609.1,25.25,159.07,98609.45,159.04
1783573653,1129,98608.78,25.25,159.1,98609.29,159.06
1783573654,1130,98608.78,25.25,159.1,98609.17,159.07
1783573654,1131,98608.45,25.25,159.13,98609.0,159.08
1783573654,1132,98608.78,25.25,159.1,98608.95,159.09
1783573654,1133,98608.45,25.25,159.13,98608.84,159.1
1783573654,1134,98608.84,25.25,159.1,98608.84,159.1
1783573654,1135,98608.84,25.25,159.1,98608.85,159.1
1783573654,1136,98608.52,25.25,159.12,98608.69,159.11
1783573655,1137,98608.52,25.25,159.12,98608.65,159.11
1783573655,1138,98608.52,25.25,159.12,98608.63,159.12
1783573655,1139,98608.94,25.26,159.09,98608.7,159.11
1783573655,1140,98608.63,25.26,159.12,98608.69,159.12
1783573655,1141,98608.3,25.26,159.15,98608.59,159.12
1783573655,1142,98608.3,25.26,159.15,98608.52,159.13
1783573655,1143,98608.63,25.26,159.12,98608.55,159.13
1783573656,1144,98608.63,25.26,159.12,98608.72,159.11
1783573656,1145,98608.63,25.26,159.12,98608.7,159.11
1783573656,1146,98608.63,25.26,159.12,98608.69,159.12
1783573656,1147,98608.63,25.26,159.12,98608.68,159.12
1783573656,1148,98608.63,25.26,159.12,98608.67,159.12
1783573656,1149,98608.63,25.26,159.12,98608.66,159.12
1783573656,1150,98608.63,25.26,159.12,98608.66,159.12
1783573656,1151,98608.63,25.26,159.12,98608.66,159.12
1783573657,1152,98608.3,25.26,159.15,98608.57,159.13
1783573657,1153,98608.3,25.26,159.15,98608.51,159.13
1783573657,1154,98608.63,25.26,159.12,98608.54,159.13
1783573657,1155,98608.63,25.26,159.12,98608.56,159.13
1783573657,1156,98608.63,25.26,159.12,98608.58,159.12
1783573657,1157,98608.63,25.26,159.12,98608.59,159.12
1783573657,1158,98608.3,25.26,159.15,98608.52,159.13
1783573657,1159,98608.3,25.26,159.15,98608.47,159.13
1783573658,1160,98608.39,25.26,159.14,98608.46,159.13
1783573658,1161,98608.72,25.26,159.11,98608.53,159.13
1783573658,1162,98608.72,25.26,159.11,98608.58,159.12
1783573658,1163,98609.05,25.26,159.08,98608.7,159.11
1783573658,1164,98608.72,25.26,159.11,98608.7,159.11
1783573658,1165,98608.72,25.26,159.11,98608.71,159.11
1783573658,1166,98608.72,25.26,159.11,98608.72,159.11
1783573658,1167,98608.39,25.26,159.14,98608.64,159.12
1783573659,1168,98608.39,25.26,159.14,98608.42,159.14
1783573659,1169,98608.49,25.26,159.13,98608.45,159.14
1783573659,1170,98608.81,25.26,159.1,98608.54,159.13
1783573659,1171,98608.81,25.26,159.1,98608.61,159.12
1783573659,1172,98608.81,25.26,159.1,98608.66,159.12
1783573659,1173,98608.72,25.26,159.11,98608.68,159.12
1783573659,1174,98608.72,25.26,159.11,98608.7,159.11
1783573659,1175,98608.72,25.26,159.11,98608.7,159.11
1783573660,1176,98609.69,25.26,159.03,98609.23,159.07
1783573660,1177,98609.69,25.26,159.03,98609.35,159.06
1783573660,1178,98609.69,25.26,159.03,98609.44,159.05
1783573660,1179,98609.69,25.26,159.03,98609.5,159.04
1783573660,1180,98610.11,25.26,158.99,98609.66,159.03
1783573660,1181,98609.69,25.26,159.03,98609.66,159.03
1783573660,1182,98609.36,25.26,159.06,98609.59,159.03
1783573661,1183,98609.36,25.26,159.06,98609.54,159.04
1783573661,1184,98609.79,25.26,159.02,98609.72,159.02
1783573661,1185,98609.79,25.26,159.02,98609.74,159.02
1783573661,1186,98609.79,25.26,159.02,98609.76,159.02
1783573661,1187,98609.79,25.26,159.02,98609.77,159.02
1783573661,1188,98609.79,25.26,159.02,98609.77,159.02
1783573661,1189,98609.79,25.26,159.02,98609.78,159.02
1783573662,1190,98609.79,25.26,159.02,98609.79,159.02
1783573662,1191,98610.11,25.26,158.99,98609.88,159.01
1783573662,1192,98609.79,25.26,159.02,98609.83,159.01
1783573662,1193,98609.79,25.26,159.02,98609.82,159.01
1783573662,1194,98610.11,25.26,158.99,98609.9,159.01
1783573662,1195,98610.11,25.26,158.99,98609.95,159.0
1783573662,1196,98610.53,25.26,158.95,98610.1,158.99
1783573662,1197,98610.11,25.26,158.99,98610.11,158.99
1783573663,1198,98610.21,25.26,158.98,98610.14,158.99
1783573663,1199,98610.21,25.26,158.98,98610.16,158.98
1783573663,1200,98609.56,25.26,159.04,98609.98,159.0
1783573663,1201,98609.56,25.26,159.04,98609.88,159.01
1783573663,1202,98609.56,25.26,159.04,98609.8,159.02
1783573663,1203,98609.56,25.26,159.04,98609.75,159.02
1783573663,1204,98609.23,25.26,159.07,98609.63,159.03
1783573664,1205,98609.23,25.26,159.07,98609.53,159.04
1783573664,1206,98609.23,25.26,159.07,98609.46,159.05
1783573664,1207,98608.91,25.26,159.1,98609.33,159.06
1783573664,1208,98608.98,25.27,159.09,98609.14,159.08
1783573664,1209,98609.3,25.27,159.07,98609.18,159.08
1783573664,1210,98609.3,25.27,159.07,98609.21,159.07
1783573664,1211,98609.73,25.27,159.03,98609.34,159.06
1783573665,1212,98609.73,25.27,159.03,98609.43,159.05
1783573665,1213,98609.41,25.27,159.06,98609.43,159.05
1783573665,1214,98609.41,25.27,159.06,98609.43,159.05
1783573665,1215,98609.41,25.27,159.06,98609.43,159.05
1783573665,1216,98609.41,25.27,159.06,98609.52,159.05
1783573665,1217,98609.41,25.27,159.06,98609.5,159.05
1783573665,1218,98609.41,25.27,159.06,98609.48,159.05
1783573665,1219,98609.41,25.27,159.06,98609.46,159.05
1783573666,1220,98609.41,25.27,159.06,98609.45,159.05
1783573666,1221,98609.5,25.27,159.05,98609.47,159.05
1783573666,1222,98609.5,25.27,159.05,98609.48,159.05
1783573666,1223,98609.5,25.27,159.05,98609.48,159.05
1783573666,1224,98609.17,25.27,159.08,98609.31,159.06
1783573666,1225,98609.17,25.27,159.08,98609.28,159.07
1783573666,1226,98609.17,25.27,159.08,98609.26,159.07
1783573667,1227,98609.17,25.27,159.08,98609.24,159.07
1783573667,1228,98609.17,25.27,159.08,98609.23,159.07
1783573667,1229,98609.17,25.27,159.08,98609.22,159.07
1783573667,1230,98609.17,25.27,159.08,98609.21,159.07
1783573667,1231,98609.17,25.27,159.08,98609.2,159.07
1783573667,1232,98609.5,25.27,159.05,98609.47,159.05
1783573667,1233,98609.5,25.27,159.05,98609.48,159.05
1783573667,1234,98609.5,25.27,159.05,98609.48,159.05
1783573668,1235,98609.17,25.27,159.08,98609.41,159.06
1783573668,1236,98609.17,25.27,159.08,98609.35,159.06
1783573668,1237,98608.84,25.27,159.11,98609.23,159.07
1783573668,1238,98609.17,25.27,159.08,98609.22,159.07
1783573668,1239,98609.17,25.27,159.08,98609.21,159.07
1783573668,1240,98609.17,25.27,159.08,98609.11,159.08
1783573668,1241,98609.17,25.27,159.08,98609.13,159.08
1783573669,1242,98609.17,25.27,159.08,98609.14,159.08
1783573669,1243,98609.17,25.27,159.08,98609.15,159.08
1783573669,1244,98609.17,25.27,159.08,98609.16,159.08
1783573669,1245,98609.17,25.27,159.08,98609.16,159.08
1783573669,1246,98609.17,25.27,159.08,98609.16,159.08
1783573669,1247,98609.17,25.27,159.08,98609.16,159.08
1783573669,1248,98609.17,25.27,159.08,98609.16,159.08
1783573670,1249,98609.5,25.27,159.05,98609.25,159.07
1783573670,1250,98609.41,25.27,159.06,98609.29,159.07
1783573670,1251,98610.16,25.27,158.99,98609.5,159.05
1783573670,1252,98609.73,25.27,159.03,98609.55,159.04
1783573670,1253,98609.73,25.27,159.03,98609.6,159.04
1783573670,1254,98609.73,25.27,159.03,98609.63,159.04
1783573670,1255,98609.73,25.27,159.03,98609.66,159.03
1783573670,1256,98610.05,25.27,159.0,98609.92,159.01
1783573671,1257,98609.95,25.27,159.01,98609.93,159.01
1783573671,1258,98609.95,25.27,159.01,98609.94,159.01
1783573671,1259,98610.28,25.27,158.98,98610.02,159.0
1783573671,1260,98610.28,25.27,158.98,98610.09,159.0
1783573671,1261,98610.28,25.27,158.98,98610.13,158.99
1783573671,1262,98610.6,25.27,158.95,98610.25,158.98
1783573671,1263,98610.6,25.27,158.95,98610.34,158.97
1783573672,1264,98610.6,25.27,158.95,98610.52,158.96
1783573672,1265,98610.92,25.27,158.92,98610.63,158.95
1783573672,1266,98610.6,25.27,158.95,98610.63,158.95
1783573672,1267,98610.6,25.27,158.95,98610.63,158.95
1783573672,1268,98610.6,25.27,158.95,98610.63,158.95
1783573672,1269,98610.6,25.27,158.95,98610.63,158.95
1783573672,1270,98610.6,25.27,158.95,98610.63,158.95
1783573672,1271,98610.92,25.27,158.92,98610.7,158.94
1783573673,1272,98610.6,25.27,158.95,98610.64,158.95
1783573673,1273,98610.6,25.27,158.95,98610.63,158.95
1783573673,1274,98610.6,25.27,158.95,98610.63,158.95
1783573673,1275,98610.6,25.27,158.95,98610.63,158.95
1783573673,1276,98610.6,25.27,158.95,98610.63,158.95
1783573673,1277,98610.6,25.27,158.95,98610.63,158.95
1783573673,1278,98610.92,25.27,158.92,98610.7,158.94
1783573673,1279,98610.92,25.27,158.92,98610.76,158.94
1783573674,1280,98610.6,25.27,158.95,98610.7,158.94
1783573674,1281,98610.92,25.27,158.92,98610.75,158.94
1783573674,1282,98610.6,25.27,158.95,98610.72,158.94
1783573674,1283,98610.6,25.27,158.95,98610.7,158.94
1783573674,1284,98610.6,25.27,158.95,98610.67,158.94
1783573674,1285,98610.28,25.27,158.98,98610.58,158.95
1783573674,1286,98610.28,25.27,158.98,98610.51,158.96
1783573674,1287,98610.28,25.27,158.98,98610.45,158.96
1783573675,1288,98610.28,25.27,158.98,98610.34,158.97
1783573675,1289,98609.95,25.27,159.01,98610.25,158.98
1783573675,1290,98610.7,25.27,158.94,98610.36,158.97
1783573675,1291,98610.7,25.27,158.94,98610.45,158.96
1783573675,1292,98610.7,25.27,158.94,98610.51,158.96
1783573675,1293,98610.7,25.27,158.94,98610.55,158.96
1783573675,1294,98610.7,25.27,158.94,98610.59,158.95
1783573676,1295,98610.7,25.27,158.94,98610.63,158.95
1783573676,1296,98610.7,25.27,158.94,98610.68,158.94
1783573676,1297,98610.7,25.27,158.94,98610.69,158.94
1783573676,1298,98610.7,25.27,158.94,98610.7,158.94
1783573676,1299,98610.7,25.27,158.94,98610.7,158.94
1783573676,1300,98610.7,25.27,158.94,98610.7,158.94
1783573676,1301,98611.03,25.27,158.91,98610.78,158.93
1783573676,1302,98611.03,25.27,158.91,98610.84,158.93
1783573677,1303,98611.03,25.27,158.91,98610.89,158.93
1783573677,1304,98611.34,25.27,158.89,98611.17,158.9
1783573677,1305,98611.67,25.27,158.86,98611.3,158.89
1783573677,1306,98611.67,25.27,158.86,98611.39,158.88
1783573677,1307,98611.67,25.27,158.86,98611.46,158.87
1783573677,1308,98611.25,25.27,158.89,98611.41,158.88
1783573677,1309,98610.92,25.27,158.92,98611.3,158.89
1783573678,1310,98611.25,25.27,158.89,98611.29,158.89
1783573678,1311,98610.92,25.27,158.92,98611.2,158.9
1783573678,1312,98610.6,25.27,158.95,98610.94,158.92
1783573678,1313,98611.03,25.27,158.91,98610.96,158.92
1783573678,1314,98611.03,25.27,158.91,98610.98,158.92
1783573678,1315,98611.03,25.27,158.91,98610.99,158.92
1783573678,1316,98611.03,25.27,158.91,98611.0,158.92
1783573678,1317,98611.03,25.27,158.91,98611.01,158.91
1783573679,1318,98611.03,25.27,158.91,98611.02,158.91
1783573679,1319,98611.03,25.27,158.91,98611.02,158.91
1783573679,1320,98611.03,25.27,158.91,98611.02,158.91
1783573679,1321,98611.34,25.27,158.89,98611.1,158.91
1783573679,1322,98611.34,25.27,158.89,98611.16,158.9
1783573679,1323,98611.34,25.27,158.89,98611.21,158.9
1783573679,1324,98611.34,25.27,158.89,98611.24,158.89
1783573680,1325,98611.03,25.27,158.91,98611.2,158.9
1783573680,1326,98611.67,25.27,158.86,98611.31,158.89
1783573680,1327,98611.58,25.27,158.86,98611.38,158.88
1783573680,1328,98611.25,25.27,158.89,98611.44,158.88
1783573680,1329,98611.25,25.27,158.89,98611.39,158.88
1783573680,1330,98611.25,25.27,158.89,98611.36,158.88
1783573680,1331,98611.58,25.27,158.86,98611.41,158.88
1783573681,1332,98611.58,25.27,158.86,98611.45,158.88
1783573681,1333,98611.58,25.27,158.86,98611.48,158.87
1783573681,1334,98611.91,25.27,158.84,98611.59,158.86
1783573681,1335,98611.91,25.27,158.84,98611.66,158.86
1783573681,1336,98611.58,25.27,158.86,98611.66,158.86
1783573681,1337,98611.58,25.27,158.86,98611.64,158.86
1783573681,1338,98611.58,25.27,158.86,98611.63,158.86
1783573681,1339,98611.91,25.27,158.84,98611.7,158.85
1783573682,1340,98611.58,25.27,158.86,98611.67,158.86
1783573682,1341,98611.58,25.27,158.86,98611.65,158.86
1783573682,1342,98611.58,25.27,158.86,98611.63,158.86
1783573682,1343,98611.58,25.27,158.86,98611.63,158.86
1783573682,1344,98611.25,25.27,158.89,98611.28,158.89
1783573682,1345,98611.25,25.27,158.89,98611.27,158.89
1783573682,1346,98610.92,25.27,158.92,98611.19,158.9
1783573683,1347,98610.53,25.26,158.95,98611.04,158.91
1783573683,1348,98610.92,25.27,158.92,98611.01,158.91
1783573683,1349,98610.21,25.26,158.98,98610.82,158.93
1783573683,1350,98610.21,25.26,158.98,98610.67,158.94
1783573683,1351,98610.21,25.26,158.98,98610.56,158.95
1783573683,1352,98610.21,25.26,158.98,98610.34,158.97
1783573683,1353,98610.53,25.26,158.95,98610.39,158.96
1783573684,1354,98610.53,25.26,158.95,98610.43,158.96
1783573684,1355,98610.11,25.26,158.99,98610.35,158.97
1783573684,1356,98610.44,25.26,158.96,98610.38,158.97
1783573684,1357,98610.77,25.26,158.93,98610.48,158.96
1783573684,1358,98610.77,25.26,158.93,98610.55,158.95
1783573684,1359,98610.77,25.26,158.93,98610.61,158.95
1783573684,1360,98611.09,25.26,158.9,98610.83,158.93
1783573684,1361,98611.41,25.26,158.87,98610.98,158.91
1783573685,1362,98611.41,25.26,158.87,98611.09,158.9
1783573685,1363,98611.09,25.26,158.9,98611.09,158.9
1783573685,1364,98611.09,25.26,158.9,98611.09,158.9
1783573685,1365,98611.09,25.26,158.9,98611.09,158.9
1783573685,1366,98611.09,25.26,158.9,98611.09,158.9
1783573685,1367,98610.77,25.26,158.93,98611.01,158.91
1783573685,1368,98610.02,25.26,159.0,98610.48,158.96
1783573686,1369,98610.02,25.26,159.0,98610.37,158.97
1783573686,1370,98610.02,25.26,159.0,98610.28,158.97
1783573686,1371,98610.02,25.26,159.0,98610.22,158.98
1783573686,1372,98610.34,25.26,158.97,98610.25,158.98
1783573686,1373,98610.66,25.26,158.94,98610.35,158.97
1783573686,1374,98609.92,25.26,159.01,98610.25,158.98
1783573686,1375,98609.92,25.26,159.01,98610.17,158.98
1783573687,1376,98609.81,25.25,159.01,98610.09,158.99
1783573687,1377,98609.81,25.25,159.01,98610.03,158.99
1783573687,1378,98609.81,25.25,159.01,98609.98,158.99
1783573687,1379,98609.81,25.25,159.01,98609.95,159.0
1783573687,1380,98609.42,25.25,159.04,98609.82,159.01
1783573687,1381,98609.75,25.25,159.02,98609.81,159.01
1783573687,1382,98609.75,25.25,159.02,98609.8,159.01
1783573687,1383,98610.08,25.25,158.99,98609.88,159.0
1783573688,1384,98610.63,25.25,158.94,98610.14,158.98
